[' first_name'],[' second_name']
Kevin Wheeler,Kevin Wheeler
Olivia Lopez,Olivia Lopez
Rebekah Rogers,Rebekah Rogers
Holly Williams,Holly Williams
Robert Rodriguez,Robert Rodriguez
Tonya Lewis,Tonya Lewis
Megan Rhodes,Megan Rhodes
Daniel King,Daniel King
Hannah Ellis,Hannah Ellis
Carlos Herrera,Carlos Herrera
Timothy Martinez,Timothy Martinez
Nicholas Hall,Nicholas Hall
Douglas Acosta,Douglas Acosta
Ashley Cox,Ashley Cox
Darren Rodriguez,Darren Rodriguez
Kenneth Cole,Kenneth Cole
Bridget Barron,Bridget Barron
Cindy Gardner,Cindy Gardner
Mr. Arthur Rocha,Mr. Arthur Rocha
Joel Davidson,Joel Davidson
Vincent Howard,Vincent Howard
Michelle Harris,Michelle Harris
James Martin,James Martin
Andrew Berry,Andrew Berry
Justin Martin,Justin Martin
Jordan Lopez,Jordan Lopez
Eric Foster,Eric Foster
Brittany Anderson,Brittany Anderson
Deborah Hernandez,Deborah Hernandez
Kevin Brown,Kevin Brown
